bigloo-4.2c,browse:2000,5.049773824
bigloo-4.2c,deriv:10000000,6.269894144
bigloo-4.2c,destruc:600:50:4000,6.489328896
bigloo-4.2c,diviter:1000:1000000,6.085682944
bigloo-4.2c,divrec:1000:1000000,6.774403072
bigloo-4.2c,puzzle:1000,15.69412096
bigloo-4.2c,triangl:22:1:50,7.199396096
bigloo-4.2c,tak:40:20:11:1,9.178315776
bigloo-4.2c,takl:40:20:12:1,3.867083008
bigloo-4.2c,ntakl:40:20:12:1,3.737144064
bigloo-4.2c,cpstak:40:20:11:1,36.411773952
bigloo-4.2c,fib:40:5,12.061784064
bigloo-4.2c,fibc:30:10,73.09649792
bigloo-4.2c,fibfp:35.0:10,9.250584064
bigloo-4.2c,sum:10000:200000,19.907654144
bigloo-4.2c,sumfp:1000000.0:500,17.181910016
bigloo-4.2c,fft:65536:100,8.374516992
bigloo-4.2c,mbrot:75:1000,21.910534912
bigloo-4.2c,pnpoly:1000000,19.10688
bigloo-4.2c,ray:50,11.22192896
bigloo-4.2c,simplex:1000000,8.276109056
bigloo-4.2c,ack:3:12:2,10.294220032
bigloo-4.2c,array1:1000000:500,9.467687168
bigloo-4.2c,string:500000:25,0.15892608
bigloo-4.2c,sum1:25,1.120559872
bigloo-4.2c,cat:50,2.337794048
bigloo-4.2c,tail:25,1.124665088
bigloo-4.2c,wc:inputs/bib:50,3.117583872
bigloo-4.2c,read1:2500,0.941287168
bigloo-4.2c,conform:500,3.6223808
bigloo-4.2c,dynamic:500,5.509961984
bigloo-4.2c,earley:1,9.349265152
bigloo-4.2c,graphs:7:3,34.651664128
bigloo-4.2c,lattice:44:10,4.77141504
bigloo-4.2c,matrix:5:5:2500,6.158649856
bigloo-4.2c,maze:20:7:10000,3.849022976
bigloo-4.2c,mazefun:11:11:10000,8.543372032
bigloo-4.2c,nqueens:13:10,20.524894976
bigloo-4.2c,paraffins:23:10,6.165042944
bigloo-4.2c,parsing:2500,3.6329088
bigloo-4.2c,peval:2000,3.215272192
bigloo-4.2c,primes:1000:10000,5.422788864
bigloo-4.2c,quicksort:10000:2500,7.284211968
bigloo-4.2c,scheme:100000,5.79173888
bigloo-4.2c,slatex:500,2.878301952
bigloo-4.2c,nboyer:5:1,5.563179008
bigloo-4.2c,sboyer:5:1,2.121394944
bigloo-4.2c,gcbench:20:1,3.652742144
bigloo-4.2c,perm20:10:2:1,10.61043712
bones-unknown,browse:2000,1.131342082
bones-unknown,deriv:10000000,7.022855281
bones-unknown,destruc:600:50:4000,13.661485089
bones-unknown,diviter:1000:1000000,2.968463035
bones-unknown,divrec:1000:1000000,6.59203498
bones-unknown,puzzle:1000,22.23937312
bones-unknown,triangl:22:1:50,18.664151304
bones-unknown,tak:40:20:11:1,21.227569187
bones-unknown,takl:40:20:12:1,9.711311479000001
bones-unknown,ntakl:40:20:12:1,8.597308075999999
bones-unknown,cpstak:40:20:11:1,20.225784434
bones-unknown,ctak:32:16:8:1,3.027217461
bones-unknown,fib:40:5,36.107785161
bones-unknown,fibc:30:10,2.647957471
bones-unknown,fibfp:35.0:10,8.60599502
bones-unknown,sum:10000:200000,50.379802239
bones-unknown,sumfp:1000000.0:500,16.760905987
bones-unknown,fft:65536:100,19.871697089
bones-unknown,mbrot:75:1000,24.703944602
bones-unknown,nucleic:50,11.687849691
bones-unknown,pnpoly:1000000,23.777902855
bones-unknown,simplex:1000000,15.049566516
bones-unknown,ack:3:12:2,48.509596984
bones-unknown,array1:1000000:500,28.939863024
bones-unknown,string:500000:25,0.08477101099999999
bones-unknown,sum1:25,16.14689294
bones-unknown,cat:50,247.025035675
bones-unknown,wc:inputs/bib:50,56.482587345
bones-unknown,read1:2500,24.039908309
bones-unknown,conform:500,10.799660573
bones-unknown,dynamic:500,30.532322369
bones-unknown,graphs:7:3,32.587808842
bones-unknown,lattice:44:10,37.674241215
bones-unknown,matrix:5:5:2500,10.414620654
bones-unknown,maze:20:7:10000,6.621625784
bones-unknown,mazefun:11:11:10000,16.146450158
bones-unknown,nqueens:13:10,46.453817354
bones-unknown,parsing:2500,28.787529463
bones-unknown,peval:2000,7.509426395
bones-unknown,primes:1000:10000,5.994472968
bones-unknown,slatex:500,11.087402826
chez-9.4.0-m64,browse:2000,1.492550923
chez-9.4.0-m64,deriv:10000000,1.823029855
chez-9.4.0-m64,destruc:600:50:4000,3.023430081
chez-9.4.0-m64,diviter:1000:1000000,2.453127997
chez-9.4.0-m64,divrec:1000:1000000,2.937011561
chez-9.4.0-m64,puzzle:1000,2.88000904
chez-9.4.0-m64,triangl:22:1:50,2.686076391
chez-9.4.0-m64,tak:40:20:11:1,2.603788128
chez-9.4.0-m64,takl:40:20:12:1,4.30338905
chez-9.4.0-m64,ntakl:40:20:12:1,3.935456205
chez-9.4.0-m64,cpstak:40:20:11:1,6.55026337
chez-9.4.0-m64,ctak:32:16:8:1,1.451348199
chez-9.4.0-m64,fib:40:5,6.737057966
chez-9.4.0-m64,fibc:30:10,0.943965507
chez-9.4.0-m64,fibfp:35.0:10,4.238521748
chez-9.4.0-m64,sum:10000:200000,5.260032246
chez-9.4.0-m64,sumfp:1000000.0:500,7.113710362
chez-9.4.0-m64,fft:65536:100,5.809248007
chez-9.4.0-m64,mbrot:75:1000,11.635115319
chez-9.4.0-m64,mbrotZ:75:1000,11.93880972
chez-9.4.0-m64,nucleic:50,4.881418256
chez-9.4.0-m64,pi:50:500:50:2,0.381259016
chez-9.4.0-m64,pnpoly:1000000,8.01743678
chez-9.4.0-m64,ray:50,5.325588719
chez-9.4.0-m64,simplex:1000000,2.630250029
chez-9.4.0-m64,ack:3:12:2,4.222365417
chez-9.4.0-m64,array1:1000000:500,5.16149089
chez-9.4.0-m64,string:500000:25,1.884696325
chez-9.4.0-m64,sum1:25,2.551345497
chez-9.4.0-m64,cat:50,5.796176182
chez-9.4.0-m64,tail:25,2.385573834
chez-9.4.0-m64,wc:inputs/bib:50,1.921807769
chez-9.4.0-m64,read1:2500,1.741621322
chez-9.4.0-m64,compiler:2000,3.008091821
chez-9.4.0-m64,conform:500,2.607300513
chez-9.4.0-m64,dynamic:500,4.961522118
chez-9.4.0-m64,earley:1,7.803449944
chez-9.4.0-m64,graphs:7:3,2.765330476
chez-9.4.0-m64,lattice:44:10,5.479116583
chez-9.4.0-m64,matrix:5:5:2500,2.492218154
chez-9.4.0-m64,maze:20:7:10000,2.373381371
chez-9.4.0-m64,mazefun:11:11:10000,3.09298684
chez-9.4.0-m64,nqueens:13:10,6.755386321
chez-9.4.0-m64,paraffins:23:10,8.268836126
chez-9.4.0-m64,parsing:2500,3.525717763
chez-9.4.0-m64,peval:2000,2.857265376
chez-9.4.0-m64,primes:1000:10000,3.140613586
chez-9.4.0-m64,quicksort:10000:2500,4.761590255
chez-9.4.0-m64,scheme:100000,3.54572606
chez-9.4.0-m64,slatex:500,3.667887391
chez-9.4.0-m64,nboyer:5:1,5.253327311
chez-9.4.0-m64,sboyer:5:1,1.09203275
chez-9.4.0-m64,gcbench:20:1,2.480810238
chez-9.4.0-m64,perm20:10:2:1,17.69718283
chez-9.4.0-m64,equal:100:100:8:1000:2000:5000,1.20038698
chez-9.4.0-m64,bv2string:1000:1000:100,2.804796407
chibi-unknown,deriv:10000000,97.657
chibi-unknown,destruc:600:50:4000,96.954
chibi-unknown,diviter:1000:1000000,65.5
chibi-unknown,divrec:1000:1000000,42.975
chibi-unknown,puzzle:1000,241.943
chibi-unknown,triangl:22:1:50,90.762
chibi-unknown,tak:40:20:11:1,56.994
chibi-unknown,ntakl:40:20:12:1,81.612
chibi-unknown,cpstak:40:20:11:1,197.841
chibi-unknown,fib:40:5,67.241
chibi-unknown,fibfp:35.0:10,66.516
chibi-unknown,sum:10000:200000,84.621
chibi-unknown,sumfp:1000000.0:500,145.268
chibi-unknown,fft:65536:100,58.76
chibi-unknown,mbrot:75:1000,196.124
chibi-unknown,nucleic:50,99.125
chibi-unknown,pnpoly:1000000,276.112
chibi-unknown,ray:50,114.903
chibi-unknown,simplex:1000000,198.948
chibi-unknown,ack:3:12:2,62.136
chibi-unknown,array1:1000000:500,57.98
chibi-unknown,string:500000:25,5.727
chibi-unknown,sum1:25,33.232
chibi-unknown,cat:50,63.27
chibi-unknown,tail:25,102.17
chibi-unknown,read1:2500,120.709
chibi-unknown,compiler:2000,109.964
chibi-unknown,conform:500,151.191
chibi-unknown,dynamic:500,219.297
chibi-unknown,matrix:5:5:2500,210.891
chibi-unknown,maze:20:7:10000,82.811
chibi-unknown,mazefun:11:11:10000,111.702
chibi-unknown,nqueens:13:10,150.943
chibi-unknown,peval:2000,170.056
chibi-unknown,primes:1000:10000,16.47
chibi-unknown,quicksort:10000:2500,229.261
chibi-unknown,scheme:100000,116.153
chibi-unknown,slatex:500,147.337
chibi-unknown,nboyer:5:1,38.046
chibi-unknown,sboyer:5:1,34.357
chibi-unknown,perm20:10:2:1,144.335
chibi-unknown,equal:100:100:8:1000:2000:5000,32.433
chibi-unknown,bv2string:1000:1000:100,12.212
chicken-4.11.0,browse:2000,23.433
chicken-4.11.0,deriv:10000000,13.034
chicken-4.11.0,destruc:600:50:4000,14.179
chicken-4.11.0,diviter:1000:1000000,4.127
chicken-4.11.0,divrec:1000:1000000,17.024
chicken-4.11.0,puzzle:1000,25.371
chicken-4.11.0,triangl:22:1:50,25.514
chicken-4.11.0,tak:40:20:11:1,17.858
chicken-4.11.0,takl:40:20:12:1,13.268
chicken-4.11.0,ntakl:40:20:12:1,13.006
chicken-4.11.0,cpstak:40:20:11:1,25.414
chicken-4.11.0,ctak:32:16:8:1,4.074
chicken-4.11.0,fib:40:5,37.781
chicken-4.11.0,fibc:30:10,5.089
chicken-4.11.0,fibfp:35.0:10,9.561
chicken-4.11.0,sum:10000:200000,43.908
chicken-4.11.0,sumfp:1000000.0:500,11.592
chicken-4.11.0,fft:65536:100,28.306
chicken-4.11.0,mbrot:75:1000,10.748
chicken-4.11.0,nucleic:50,5.917
chicken-4.11.0,pnpoly:1000000,20.682
chicken-4.11.0,ray:50,5.79
chicken-4.11.0,simplex:1000000,16.552
chicken-4.11.0,ack:3:12:2,69.278
chicken-4.11.0,array1:1000000:500,18.689
chicken-4.11.0,string:500000:25,0.246
chicken-4.11.0,sum1:25,5.41
chicken-4.11.0,cat:50,24.755
chicken-4.11.0,wc:inputs/bib:50,19.411
chicken-4.11.0,read1:2500,13.735
chicken-4.11.0,compiler:2000,8.925
chicken-4.11.0,conform:500,21.488
chicken-4.11.0,dynamic:500,20.682
chicken-4.11.0,graphs:7:3,20.24
chicken-4.11.0,lattice:44:10,28.066
chicken-4.11.0,matrix:5:5:2500,15.005
chicken-4.11.0,maze:20:7:10000,6.698
chicken-4.11.0,mazefun:11:11:10000,15.187
chicken-4.11.0,nqueens:13:10,51.766
chicken-4.11.0,paraffins:23:10,17.608
chicken-4.11.0,parsing:2500,32.917
chicken-4.11.0,peval:2000,16.143
chicken-4.11.0,primes:1000:10000,17.361
chicken-4.11.0,scheme:100000,23.806
chicken-4.11.0,slatex:500,6.747
chicken-4.11.0,nboyer:5:1,36.738
chicken-4.11.0,sboyer:5:1,10.535
chicken-4.11.0,gcbench:20:1,9.453
chicken-4.11.0,perm20:10:2:1,44.141
chickencsi-4.11.0,browse:2000,276.847
chickencsi-4.11.0,deriv:10000000,163.341
chickencsi-4.11.0,diviter:1000:1000000,189.36
chickencsi-4.11.0,divrec:1000:1000000,257.641
chickencsi-4.11.0,triangl:22:1:50,294.987
chickencsi-4.11.0,tak:40:20:11:1,275.872
chickencsi-4.11.0,ctak:32:16:8:1,96.424
chickencsi-4.11.0,fibc:30:10,93.368
chickencsi-4.11.0,fibfp:35.0:10,101.009
chickencsi-4.11.0,sumfp:1000000.0:500,183.493
chickencsi-4.11.0,fft:65536:100,122.031
chickencsi-4.11.0,mbrot:75:1000,214.553
chickencsi-4.11.0,nucleic:50,106.572
chickencsi-4.11.0,ray:50,108.166
chickencsi-4.11.0,string:500000:25,0.36
chickencsi-4.11.0,sum1:25,6.266
chickencsi-4.11.0,cat:50,101.522
chickencsi-4.11.0,wc:inputs/bib:50,268.559
chickencsi-4.11.0,read1:2500,14.874
chickencsi-4.11.0,dynamic:500,116.499
chickencsi-4.11.0,maze:20:7:10000,170.224
chickencsi-4.11.0,paraffins:23:10,107.737
chickencsi-4.11.0,peval:2000,291.261
chickencsi-4.11.0,primes:1000:10000,108.749
chickencsi-4.11.0,scheme:100000,262.051
chickencsi-4.11.0,slatex:500,62.695
chickencsi-4.11.0,nboyer:5:1,187.95
chickencsi-4.11.0,sboyer:5:1,239.118
chickencsi-4.11.0,gcbench:20:1,196.937
foment-0.4,browse:2000,349.086
foment-0.4,deriv:10000000,507.74
foment-0.4,destruc:600:50:4000,346.832
foment-0.4,diviter:1000:1000000,363.275
foment-0.4,divrec:1000:1000000,355.071
foment-0.4,puzzle:1000,454.573
foment-0.4,triangl:22:1:50,405.574
foment-0.4,tak:40:20:11:1,258.704
foment-0.4,fib:40:5,512.376
foment-0.4,fibc:30:10,418.345
foment-0.4,fibfp:35.0:10,167.95
foment-0.4,sum:10000:200000,582.483
foment-0.4,sumfp:1000000.0:500,283.704
foment-0.4,fft:65536:100,253.412
foment-0.4,mbrot:75:1000,432.486
foment-0.4,mbrotZ:75:1000,517.288
foment-0.4,nucleic:50,195.932
foment-0.4,pnpoly:1000000,305.832
foment-0.4,ray:50,214.379
foment-0.4,simplex:1000000,428.081
foment-0.4,ack:3:12:2,491.859
foment-0.4,array1:1000000:500,533.711
foment-0.4,string:500000:25,1.219
foment-0.4,sum1:25,6.782
foment-0.4,cat:50,374.199
foment-0.4,tail:25,73.431
foment-0.4,wc:inputs/bib:50,113.11
foment-0.4,read1:2500,8.674
foment-0.4,compiler:2000,230.133
foment-0.4,conform:500,324.514
foment-0.4,dynamic:500,379.475
foment-0.4,matrix:5:5:2500,377.481
foment-0.4,maze:20:7:10000,119.165
foment-0.4,mazefun:11:11:10000,329.19
foment-0.4,parsing:2500,270.909
foment-0.4,peval:2000,492.703
foment-0.4,primes:1000:10000,109.545
foment-0.4,quicksort:10000:2500,265.871
foment-0.4,scheme:100000,164.848
foment-0.4,slatex:500,133.475
foment-0.4,equal:100:100:8:1000:2000:5000,47.547
foment-0.4,bv2string:1000:1000:100,148.322
gambitc-v4.8.5,browse:2000,3.813295364379883
gambitc-v4.8.5,deriv:10000000,3.3309271335601807
gambitc-v4.8.5,destruc:600:50:4000,3.9902007579803467
gambitc-v4.8.5,diviter:1000:1000000,3.073589324951172
gambitc-v4.8.5,divrec:1000:1000000,4.379595041275024
gambitc-v4.8.5,puzzle:1000,4.852710485458374
gambitc-v4.8.5,triangl:22:1:50,2.6167891025543213
gambitc-v4.8.5,tak:40:20:11:1,3.8388402462005615
gambitc-v4.8.5,takl:40:20:12:1,2.6119649410247803
gambitc-v4.8.5,ntakl:40:20:12:1,2.6684391498565674
gambitc-v4.8.5,cpstak:40:20:11:1,10.329253911972046
gambitc-v4.8.5,ctak:32:16:8:1,4.947583436965942
gambitc-v4.8.5,fib:40:5,7.380506277084351
gambitc-v4.8.5,fibc:30:10,3.57515811920166
gambitc-v4.8.5,fibfp:35.:10,3.2015023231506348
gambitc-v4.8.5,sum:10000:200000,9.079363107681274
gambitc-v4.8.5,sumfp:1000000.:500,3.802201747894287
gambitc-v4.8.5,fft:65536:100,7.763106346130371
gambitc-v4.8.5,mbrot:75:1000,6.78908109664917
gambitc-v4.8.5,mbrotZ:75:1000,35.19802474975586
gambitc-v4.8.5,pi:50:500:50:2,.5370268821716309
gambitc-v4.8.5,pnpoly:1000000,3.8622028827667236
gambitc-v4.8.5,ray:50,4.573720693588257
gambitc-v4.8.5,simplex:1000000,4.322160720825195
gambitc-v4.8.5,ack:3:12:2,43.21896314620972
gambitc-v4.8.5,array1:1000000:500,4.134048700332642
gambitc-v4.8.5,string:500000:25,.8512282371520996
gambitc-v4.8.5,sum1:25,1.2132277488708496
gambitc-v4.8.5,cat:50,31.986709356307983
gambitc-v4.8.5,tail:25,3.750042200088501
gambitc-v4.8.5,wc:inputs/bib:50,16.68195390701294
gambitc-v4.8.5,read1:2500,2.606931686401367
gambitc-v4.8.5,conform:500,4.445823431015015
gambitc-v4.8.5,dynamic:500,11.453629732131958
gambitc-v4.8.5,earley:1,8.309435606002808
gambitc-v4.8.5,graphs:7:3,24.853293895721436
gambitc-v4.8.5,lattice:44:10,6.564306974411011
gambitc-v4.8.5,matrix:5:5:2500,5.173923492431641
gambitc-v4.8.5,maze:20:7:10000,3.3395235538482666
gambitc-v4.8.5,mazefun:11:11:10000,5.329633951187134
gambitc-v4.8.5,nqueens:13:10,12.304484844207764
gambitc-v4.8.5,paraffins:23:10,4.259138822555542
gambitc-v4.8.5,parsing:2500,3.6413252353668213
gambitc-v4.8.5,peval:2000,3.2164478302001953
gambitc-v4.8.5,primes:1000:10000,3.0459771156311035
gambitc-v4.8.5,quicksort:10000:2500,5.957241535186768
gambitc-v4.8.5,scheme:100000,5.456430673599243
gambitc-v4.8.5,slatex:500,6.5326948165893555
gambitc-v4.8.5,nboyer:5:1,4.333482503890991
gambitc-v4.8.5,sboyer:5:1,1.9085533618927002
gambitc-v4.8.5,gcbench:20:1,3.4119856357574463
gambitc-v4.8.5,perm20:10:2:1,10.442915439605713
gauche-0.9.4,browse:2000,31.36156983
gauche-0.9.4,deriv:10000000,46.286911293
gauche-0.9.4,destruc:600:50:4000,39.709515082
gauche-0.9.4,diviter:1000:1000000,31.822255545
gauche-0.9.4,divrec:1000:1000000,35.450750986
gauche-0.9.4,puzzle:1000,43.733721348
gauche-0.9.4,triangl:22:1:50,24.237561361
gauche-0.9.4,tak:40:20:11:1,26.387684327
gauche-0.9.4,takl:40:20:12:1,94.098512198
gauche-0.9.4,ntakl:40:20:12:1,83.761661565
gauche-0.9.4,cpstak:40:20:11:1,232.665545836
gauche-0.9.4,ctak:32:16:8:1,37.174408094
gauche-0.9.4,fib:40:5,65.897448975
gauche-0.9.4,fibc:30:10,26.885899614
gauche-0.9.4,fibfp:35.0:10,17.083521055
gauche-0.9.4,sum:10000:200000,56.024771899
gauche-0.9.4,sumfp:1000000.0:500,20.475778441
gauche-0.9.4,fft:65536:100,20.241552635
gauche-0.9.4,mbrot:75:1000,33.277678236
gauche-0.9.4,mbrotZ:75:1000,70.112464009
gauche-0.9.4,nucleic:50,30.07607404
gauche-0.9.4,pi:50:500:50:2,0.750114765
gauche-0.9.4,pnpoly:1000000,35.165728122
gauche-0.9.4,ray:50,30.061464914
gauche-0.9.4,simplex:1000000,61.253402543
gauche-0.9.4,ack:3:12:2,153.845480169
gauche-0.9.4,array1:1000000:500,37.137627792
gauche-0.9.4,string:500000:25,0.421229339
gauche-0.9.4,sum1:25,2.137825166
gauche-0.9.4,cat:50,23.374218007
gauche-0.9.4,tail:25,2.323242145
gauche-0.9.4,wc:inputs/bib:50,32.072442422
gauche-0.9.4,read1:2500,3.883379923
gauche-0.9.4,compiler:2000,34.203176129
gauche-0.9.4,conform:500,61.850421541
gauche-0.9.4,earley:1,14.169528768
gauche-0.9.4,graphs:7:3,147.051526767
gauche-0.9.4,lattice:44:10,89.452529552
gauche-0.9.4,matrix:5:5:2500,49.11406076
gauche-0.9.4,maze:20:7:10000,25.271198641
gauche-0.9.4,mazefun:11:11:10000,43.859741156
gauche-0.9.4,nqueens:13:10,94.150541308
gauche-0.9.4,paraffins:23:10,12.068887727
gauche-0.9.4,parsing:2500,193.330415628
gauche-0.9.4,peval:2000,59.772060748
gauche-0.9.4,primes:1000:10000,23.077522389
gauche-0.9.4,quicksort:10000:2500,52.217378115
gauche-0.9.4,scheme:100000,43.717688105
gauche-0.9.4,slatex:500,19.437090953
gauche-0.9.4,nboyer:5:1,17.984076824
gauche-0.9.4,sboyer:5:1,20.331430358
gauche-0.9.4,perm20:10:2:1,37.993614808
gauche-0.9.4,equal:100:100:8:1000:2000:5000,20.275305456
gauche-0.9.4,bv2string:1000:1000:100,17.754974995
guile-2.0.11,browse:2000,49.469783823
guile-2.0.11,deriv:10000000,46.291240236
guile-2.0.11,destruc:600:50:4000,35.51006976
guile-2.0.11,diviter:1000:1000000,30.461690716
guile-2.0.11,divrec:1000:1000000,39.236544888
guile-2.0.11,puzzle:1000,76.060910706
guile-2.0.11,triangl:22:1:50,36.447515376
guile-2.0.11,tak:40:20:11:1,39.916064161
guile-2.0.11,takl:40:20:12:1,110.100605782
guile-2.0.11,ntakl:40:20:12:1,106.937408305
guile-2.0.11,cpstak:40:20:11:1,113.833495119
guile-2.0.11,fib:40:5,77.316982513
guile-2.0.11,fibc:30:10,105.459458023
guile-2.0.11,fibfp:35.0:10,43.077470375
guile-2.0.11,sum:10000:200000,72.908399521
guile-2.0.11,sumfp:1000000.0:500,71.881592323
guile-2.0.11,fft:65536:100,22.037206466
guile-2.0.11,mbrot:75:1000,88.126673118
guile-2.0.11,mbrotZ:75:1000,95.592991181
guile-2.0.11,nucleic:50,40.667384729
guile-2.0.11,pi:50:500:50:2,0.977270638
guile-2.0.11,pnpoly:1000000,71.330442265
guile-2.0.11,ray:50,50.751981221
guile-2.0.11,simplex:1000000,58.648842888
guile-2.0.11,array1:1000000:500,44.583472068
guile-2.0.11,string:500000:25,0.292354206
guile-2.0.11,sum1:25,23.729608009
guile-2.0.11,cat:50,82.360242658
guile-2.0.11,wc:inputs/bib:50,73.608015504
guile-2.0.11,read1:2500,52.249900267
guile-2.0.11,compiler:2000,37.367617578
guile-2.0.11,conform:500,71.49914572
guile-2.0.11,dynamic:500,50.030275847
guile-2.0.11,earley:1,19.617068667
guile-2.0.11,graphs:7:3,74.713106691
guile-2.0.11,lattice:44:10,106.065274044
guile-2.0.11,matrix:5:5:2500,38.559812177
guile-2.0.11,maze:20:7:10000,31.086502682
guile-2.0.11,mazefun:11:11:10000,48.223319402
guile-2.0.11,nqueens:13:10,101.461854745
guile-2.0.11,paraffins:23:10,11.738024021
guile-2.0.11,parsing:2500,71.273605461
guile-2.0.11,peval:2000,60.196090563
guile-2.0.11,primes:1000:10000,20.541804823
guile-2.0.11,quicksort:10000:2500,57.909784225
guile-2.0.11,scheme:100000,47.442111602
guile-2.0.11,slatex:500,24.895432126
guile-2.0.11,nboyer:5:1,21.490255767
guile-2.0.11,sboyer:5:1,24.306461728
guile-2.0.11,gcbench:20:1,11.439603448
guile-2.0.11,perm20:10:2:1,44.45861754
guile-2.0.11,bv2string:1000:1000:100,12.903415151
guile-2.1.3.6-fff01,browse:2000,32.892923077
guile-2.1.3.6-fff01,deriv:10000000,43.94575084
guile-2.1.3.6-fff01,destruc:600:50:4000,22.444817745
guile-2.1.3.6-fff01,diviter:1000:1000000,24.047947216
guile-2.1.3.6-fff01,divrec:1000:1000000,41.677122831
guile-2.1.3.6-fff01,puzzle:1000,37.043370296
guile-2.1.3.6-fff01,triangl:22:1:50,42.693744974
guile-2.1.3.6-fff01,tak:40:20:11:1,45.019871616
guile-2.1.3.6-fff01,takl:40:20:12:1,82.437157679
guile-2.1.3.6-fff01,ntakl:40:20:12:1,82.494058227
guile-2.1.3.6-fff01,cpstak:40:20:11:1,80.875929389
guile-2.1.3.6-fff01,fib:40:5,86.682494796
guile-2.1.3.6-fff01,fibfp:35.0:10,35.344613802
guile-2.1.3.6-fff01,sum:10000:200000,34.751364294
guile-2.1.3.6-fff01,sumfp:1000000.0:500,45.132978094
guile-2.1.3.6-fff01,fft:65536:100,14.645894092
guile-2.1.3.6-fff01,mbrot:75:1000,61.490722928
guile-2.1.3.6-fff01,mbrotZ:75:1000,62.410385736
guile-2.1.3.6-fff01,nucleic:50,35.527044799
guile-2.1.3.6-fff01,pi:50:500:50:2,0.721239451
guile-2.1.3.6-fff01,pnpoly:1000000,41.194307487
guile-2.1.3.6-fff01,ray:50,42.80004514
guile-2.1.3.6-fff01,simplex:1000000,49.394792004
guile-2.1.3.6-fff01,ack:3:12:2,64.774970325
guile-2.1.3.6-fff01,array1:1000000:500,29.434109223
guile-2.1.3.6-fff01,string:500000:25,0.183799599
guile-2.1.3.6-fff01,sum1:25,6.336367276
guile-2.1.3.6-fff01,cat:50,103.59868059
guile-2.1.3.6-fff01,wc:inputs/bib:50,54.926970295
guile-2.1.3.6-fff01,read1:2500,11.925332916
guile-2.1.3.6-fff01,compiler:2000,29.019133303
guile-2.1.3.6-fff01,conform:500,69.350047323
guile-2.1.3.6-fff01,dynamic:500,27.521750385
guile-2.1.3.6-fff01,earley:1,13.198244567
guile-2.1.3.6-fff01,graphs:7:3,55.773919343
guile-2.1.3.6-fff01,lattice:44:10,74.592767798
guile-2.1.3.6-fff01,matrix:5:5:2500,27.918054753
guile-2.1.3.6-fff01,maze:20:7:10000,27.869721105
guile-2.1.3.6-fff01,mazefun:11:11:10000,43.954535836
guile-2.1.3.6-fff01,nqueens:13:10,61.823862708
guile-2.1.3.6-fff01,paraffins:23:10,12.168395127
guile-2.1.3.6-fff01,parsing:2500,62.572956251
guile-2.1.3.6-fff01,peval:2000,47.282220044
guile-2.1.3.6-fff01,primes:1000:10000,15.966061184
guile-2.1.3.6-fff01,quicksort:10000:2500,37.01078869
guile-2.1.3.6-fff01,scheme:100000,44.178429742
guile-2.1.3.6-fff01,slatex:500,18.26497467
guile-2.1.3.6-fff01,nboyer:5:1,17.549394814
guile-2.1.3.6-fff01,sboyer:5:1,18.585706619
guile-2.1.3.6-fff01,gcbench:20:1,10.843765096
guile-2.1.3.6-fff01,perm20:10:2:1,29.654283378
guile-2.1.3.6-fff01,bv2string:1000:1000:100,11.280477465
ironscheme-1.0.101-0fdbfcf,browse:2000,24.070098
ironscheme-1.0.101-0fdbfcf,deriv:10000000,18.984769
ironscheme-1.0.101-0fdbfcf,diviter:1000:1000000,14.085826
ironscheme-1.0.101-0fdbfcf,divrec:1000:1000000,19.58501
ironscheme-1.0.101-0fdbfcf,triangl:22:1:50,148.086307
ironscheme-1.0.101-0fdbfcf,tak:40:20:11:1,132.447962
ironscheme-1.0.101-0fdbfcf,takl:40:20:12:1,19.41398
ironscheme-1.0.101-0fdbfcf,ntakl:40:20:12:1,16.402961
ironscheme-1.0.101-0fdbfcf,array1:1000000:500,240.615344
ironscheme-1.0.101-0fdbfcf,string:500000:25,1.4895
ironscheme-1.0.101-0fdbfcf,cat:50,123.489636
ironscheme-1.0.101-0fdbfcf,tail:25,1.955054
ironscheme-1.0.101-0fdbfcf,wc:inputs/bib:50,123.846008
ironscheme-1.0.101-0fdbfcf,read1:2500,92.928524
ironscheme-1.0.101-0fdbfcf,conform:500,59.576403
ironscheme-1.0.101-0fdbfcf,dynamic:500,121.009592
ironscheme-1.0.101-0fdbfcf,lattice:44:10,93.984662
ironscheme-1.0.101-0fdbfcf,mazefun:11:11:10000,189.497825
ironscheme-1.0.101-0fdbfcf,paraffins:23:10,34.097688
ironscheme-1.0.101-0fdbfcf,parsing:2500,80.956341
ironscheme-1.0.101-0fdbfcf,peval:2000,138.821284
ironscheme-1.0.101-0fdbfcf,scheme:100000,70.810974
ironscheme-1.0.101-0fdbfcf,slatex:500,48.88817
ironscheme-1.0.101-0fdbfcf,nboyer:5:1,18.147424
ironscheme-1.0.101-0fdbfcf,sboyer:5:1,17.445684
ironscheme-1.0.101-0fdbfcf,perm20:10:2:1,181.868442
ironscheme-1.0.101-0fdbfcf,equal:100:100:8:1000:2000:5000,14.559207
kawa-2.1,browse:2000,33.017643979
kawa-2.1,deriv:10000000,35.50596257
kawa-2.1,destruc:600:50:4000,94.887907252
kawa-2.1,diviter:1000:1000000,51.879174127
kawa-2.1,divrec:1000:1000000,41.352089919
kawa-2.1,puzzle:1000,127.630354041
kawa-2.1,triangl:22:1:50,97.272112704
kawa-2.1,tak:40:20:11:1,63.113877489
kawa-2.1,takl:40:20:12:1,177.037207351
kawa-2.1,ntakl:40:20:12:1,179.392156114
kawa-2.1,ctak:32:16:8:1,195.221391355
kawa-2.1,fib:40:5,147.783812512
kawa-2.1,fibc:30:10,116.474218432
kawa-2.1,fibfp:35.0:10,28.641142524
kawa-2.1,sum:10000:200000,224.688112173
kawa-2.1,sumfp:1000000.0:500,129.646879115
kawa-2.1,fft:65536:100,154.894461941
kawa-2.1,mbrot:75:1000,90.361550455
kawa-2.1,mbrotZ:75:1000,89.650176776
kawa-2.1,nucleic:50,43.53001957
kawa-2.1,pi:50:500:50:2,0.551689862
kawa-2.1,pnpoly:1000000,130.323168664
kawa-2.1,ray:50,50.168915762
kawa-2.1,simplex:1000000,82.038564763
kawa-2.1,string:500000:25,1.70234283
kawa-2.1,sum1:25,2.894786052
kawa-2.1,cat:50,17.55419411
kawa-2.1,tail:25,3.323704569
kawa-2.1,wc:inputs/bib:50,13.680024134
kawa-2.1,read1:2500,5.345661562
kawa-2.1,dynamic:500,56.86586586
kawa-2.1,earley:1,34.037854342
kawa-2.1,lattice:44:10,127.633396933
kawa-2.1,matrix:5:5:2500,46.751414131
kawa-2.1,maze:20:7:10000,33.932833384
kawa-2.1,mazefun:11:11:10000,138.638275906
kawa-2.1,nqueens:13:10,228.201386996
kawa-2.1,paraffins:23:10,30.545897661
kawa-2.1,peval:2000,64.675276366
kawa-2.1,primes:1000:10000,34.398042329
kawa-2.1,quicksort:10000:2500,130.820139929
kawa-2.1,scheme:100000,107.833178743
kawa-2.1,gcbench:20:1,8.765105964
kawa-2.1,perm20:10:2:1,136.21528312
kawa-2.1,equal:100:100:8:1000:2000:5000,8.547110554
kawa-2.1,bv2string:1000:1000:100,27.731044635
larceny-0.98,browse:2000,2.949593
larceny-0.98,deriv:10000000,5.646581
larceny-0.98,destruc:600:50:4000,4.670541
larceny-0.98,diviter:1000:1000000,3.942348
larceny-0.98,divrec:1000:1000000,5.608552
larceny-0.98,puzzle:1000,7.94193
larceny-0.98,triangl:22:1:50,5.243868
larceny-0.98,tak:40:20:11:1,2.860346
larceny-0.98,takl:40:20:12:1,6.56217
larceny-0.98,ntakl:40:20:12:1,5.364767
larceny-0.98,cpstak:40:20:11:1,5.8422
larceny-0.98,ctak:32:16:8:1,13.337959
larceny-0.98,fib:40:5,7.795383
larceny-0.98,fibc:30:10,6.633435
larceny-0.98,fibfp:35.0:10,5.74646
larceny-0.98,sum:10000:200000,4.915704
larceny-0.98,sumfp:1000000.0:500,9.001564
larceny-0.98,fft:65536:100,7.288234
larceny-0.98,mbrot:75:1000,9.872957
larceny-0.98,mbrotZ:75:1000,25.093831
larceny-0.98,nucleic:50,4.072101
larceny-0.98,pi:50:500:50:2,23.322467
larceny-0.98,pnpoly:1000000,11.566217
larceny-0.98,ray:50,10.548777
larceny-0.98,simplex:1000000,9.9823
larceny-0.98,ack:3:12:2,7.093367
larceny-0.98,array1:1000000:500,7.098662
larceny-0.98,string:500000:25,4.049731
larceny-0.98,sum1:25,9.339727
larceny-0.98,cat:50,5.754423
larceny-0.98,tail:25,8.005092
larceny-0.98,wc:inputs/bib:50,4.806868
larceny-0.98,read1:2500,7.519303
larceny-0.98,compiler:2000,4.412935
larceny-0.98,conform:500,6.881148
larceny-0.98,dynamic:500,10.722117
larceny-0.98,earley:1,7.847732
larceny-0.98,graphs:7:3,6.767357
larceny-0.98,lattice:44:10,7.190559
larceny-0.98,matrix:5:5:2500,5.74807
larceny-0.98,maze:20:7:10000,6.086907
larceny-0.98,mazefun:11:11:10000,6.57998
larceny-0.98,nqueens:13:10,14.592353
larceny-0.98,paraffins:23:10,8.433005
larceny-0.98,parsing:2500,7.481157
larceny-0.98,peval:2000,5.998382
larceny-0.98,primes:1000:10000,4.08531
larceny-0.98,quicksort:10000:2500,9.486128
larceny-0.98,scheme:100000,4.709868
larceny-0.98,slatex:500,3.907091
larceny-0.98,nboyer:5:1,6.241316
larceny-0.98,sboyer:5:1,4.163653
larceny-0.98,gcbench:20:1,20.00254
larceny-0.98,perm20:10:2:1,12.529348
larceny-0.98,equal:100:100:8:1000:2000:5000,5.396867
larceny-0.98,bv2string:1000:1000:100,6.483032
mit-9.2.1,browse:2000,12.895
mit-9.2.1,deriv:10000000,9.09
mit-9.2.1,destruc:600:50:4000,7.88
mit-9.2.1,diviter:1000:1000000,2.705
mit-9.2.1,divrec:1000:1000000,4.08
mit-9.2.1,puzzle:1000,14.14
mit-9.2.1,triangl:22:1:50,7.086
mit-9.2.1,tak:40:20:11:1,2.933
mit-9.2.1,takl:40:20:12:1,10.
mit-9.2.1,ntakl:40:20:12:1,10.363
mit-9.2.1,cpstak:40:20:11:1,118.303
mit-9.2.1,fib:40:5,11.185
mit-9.2.1,fibc:30:10,240.936
mit-9.2.1,fibfp:35.:10,9.835
mit-9.2.1,sum:10000:200000,10.224
mit-9.2.1,sumfp:1000000.:500,19.545
mit-9.2.1,fft:65536:100,7.516
mit-9.2.1,mbrot:75:1000,27.025
mit-9.2.1,mbrotZ:75:1000,38.319
mit-9.2.1,pi:50:500:50:2,.499
mit-9.2.1,pnpoly:1000000,20.926
mit-9.2.1,ray:50,27.456
mit-9.2.1,simplex:1000000,13.243
mit-9.2.1,ack:3:12:2,6.288
mit-9.2.1,array1:1000000:500,5.293
mit-9.2.1,string:500000:25,.618
mit-9.2.1,sum1:25,49.536
mit-9.2.1,cat:50,57.041
mit-9.2.1,tail:25,23.53
mit-9.2.1,wc:inputs/bib:50,25.774
mit-9.2.1,read1:2500,18.394
mit-9.2.1,compiler:2000,5.017
mit-9.2.1,conform:500,8.7
mit-9.2.1,dynamic:500,20.298
mit-9.2.1,earley:1,3.826
mit-9.2.1,graphs:7:3,29.509
mit-9.2.1,lattice:44:10,17.32
mit-9.2.1,matrix:5:5:2500,18.561
mit-9.2.1,maze:20:7:10000,8.538
mit-9.2.1,mazefun:11:11:10000,8.308
mit-9.2.1,nqueens:13:10,19.761
mit-9.2.1,paraffins:23:10,1.527
mit-9.2.1,peval:2000,15.376
mit-9.2.1,primes:1000:10000,8.775
mit-9.2.1,quicksort:10000:2500,11.014
mit-9.2.1,scheme:100000,9.065
mit-9.2.1,slatex:500,19.807
mit-9.2.1,nboyer:5:1,3.086
mit-9.2.1,sboyer:5:1,2.845
mit-9.2.1,gcbench:20:1,2.183
mit-9.2.1,perm20:10:2:1,6.18
mit-9.2.1,bv2string:1000:1000:100,10.94
petite-9.4.0-m64,browse:2000,23.894434911
petite-9.4.0-m64,deriv:10000000,10.777296701
petite-9.4.0-m64,destruc:600:50:4000,25.706189871
petite-9.4.0-m64,diviter:1000:1000000,17.746498043
petite-9.4.0-m64,divrec:1000:1000000,13.207274199
petite-9.4.0-m64,puzzle:1000,50.551192653
petite-9.4.0-m64,triangl:22:1:50,36.760417465
petite-9.4.0-m64,tak:40:20:11:1,22.232656102
petite-9.4.0-m64,takl:40:20:12:1,82.725397108
petite-9.4.0-m64,ntakl:40:20:12:1,69.680029113
petite-9.4.0-m64,cpstak:40:20:11:1,90.267704175
petite-9.4.0-m64,ctak:32:16:8:1,6.256811316
petite-9.4.0-m64,fib:40:5,50.953615096
petite-9.4.0-m64,fibc:30:10,5.821116281
petite-9.4.0-m64,fibfp:35.0:10,11.151223621
petite-9.4.0-m64,sum:10000:200000,65.557428399
petite-9.4.0-m64,sumfp:1000000.0:500,19.557901439
petite-9.4.0-m64,fft:65536:100,23.765149922
petite-9.4.0-m64,mbrot:75:1000,49.857090541
petite-9.4.0-m64,mbrotZ:75:1000,69.931045851
petite-9.4.0-m64,nucleic:50,17.335328169
petite-9.4.0-m64,pi:50:500:50:2,0.385627431
petite-9.4.0-m64,pnpoly:1000000,37.520111157
petite-9.4.0-m64,ray:50,18.42086066
petite-9.4.0-m64,simplex:1000000,58.677402045
petite-9.4.0-m64,ack:3:12:2,62.001121327
petite-9.4.0-m64,array1:1000000:500,45.00438376
petite-9.4.0-m64,string:500000:25,1.274934554
petite-9.4.0-m64,sum1:25,2.908160987
petite-9.4.0-m64,cat:50,18.129672303
petite-9.4.0-m64,tail:25,2.544048734
petite-9.4.0-m64,wc:inputs/bib:50,41.629008594
petite-9.4.0-m64,read1:2500,1.083131858
petite-9.4.0-m64,compiler:2000,36.598912877
petite-9.4.0-m64,conform:500,38.367660072
petite-9.4.0-m64,dynamic:500,15.93221354
petite-9.4.0-m64,earley:1,33.355481957
petite-9.4.0-m64,graphs:7:3,109.682034566
petite-9.4.0-m64,lattice:44:10,98.266725274
petite-9.4.0-m64,matrix:5:5:2500,51.290602989
petite-9.4.0-m64,maze:20:7:10000,15.289033605
petite-9.4.0-m64,mazefun:11:11:10000,33.660853957
petite-9.4.0-m64,nqueens:13:10,62.816250584
petite-9.4.0-m64,paraffins:23:10,14.349311539
petite-9.4.0-m64,parsing:2500,26.524959823
petite-9.4.0-m64,peval:2000,31.869093087
petite-9.4.0-m64,primes:1000:10000,7.849675805
petite-9.4.0-m64,quicksort:10000:2500,74.124984055
petite-9.4.0-m64,scheme:100000,30.109686963
petite-9.4.0-m64,slatex:500,18.313596255
petite-9.4.0-m64,nboyer:5:1,14.068518397
petite-9.4.0-m64,sboyer:5:1,18.942143014
petite-9.4.0-m64,gcbench:20:1,14.928752786
petite-9.4.0-m64,perm20:10:2:1,50.260231178
petite-9.4.0-m64,equal:100:100:8:1000:2000:5000,1.097079969
petite-9.4.0-m64,bv2string:1000:1000:100,7.477569124
picrin-unknown,browse:2000,114.23387
picrin-unknown,deriv:10000000,103.245987
picrin-unknown,destruc:600:50:4000,149.920849
picrin-unknown,diviter:1000:1000000,113.817027
picrin-unknown,divrec:1000:1000000,118.556678
picrin-unknown,triangl:22:1:50,190.558128
picrin-unknown,tak:40:20:11:1,107.867931
picrin-unknown,takl:40:20:12:1,289.401553
picrin-unknown,ntakl:40:20:12:1,253.924862
picrin-unknown,cpstak:40:20:11:1,139.447662
picrin-unknown,fib:40:5,183.090326
picrin-unknown,fibfp:35.0:10,48.33273
picrin-unknown,sum:10000:200000,180.553304
picrin-unknown,sumfp:1000000.0:500,45.870914
picrin-unknown,fft:65536:100,56.557396
picrin-unknown,mbrot:75:1000,63.6366
picrin-unknown,ray:50,92.877418
picrin-unknown,simplex:1000000,188.614337
picrin-unknown,array1:1000000:500,235.667078
picrin-unknown,string:500000:25,0.023694
picrin-unknown,sum1:25,13.045991
picrin-unknown,read1:2500,5.425384
picrin-unknown,conform:500,263.479446
picrin-unknown,matrix:5:5:2500,142.053597
picrin-unknown,maze:20:7:10000,185.686413
picrin-unknown,mazefun:11:11:10000,119.395889
picrin-unknown,nqueens:13:10,161.306787
picrin-unknown,peval:2000,124.506915
picrin-unknown,quicksort:10000:2500,138.101639
picrin-unknown,nboyer:5:1,101.902542
picrin-unknown,sboyer:5:1,86.087112
picrin-unknown,gcbench:20:1,110.922712
picrin-unknown,bv2string:1000:1000:100,133.893855
racket-6.5,browse:2000,7.994
racket-6.5,deriv:10000000,5.375
racket-6.5,destruc:600:50:4000,5.853
racket-6.5,diviter:1000:1000000,3.274
racket-6.5,divrec:1000:1000000,5.485
racket-6.5,puzzle:1000,8.645
racket-6.5,triangl:22:1:50,6.6
racket-6.5,tak:40:20:11:1,5.365
racket-6.5,takl:40:20:12:1,12.893
racket-6.5,ntakl:40:20:12:1,12.021
racket-6.5,cpstak:40:20:11:1,11.319
racket-6.5,ctak:32:16:8:1,192.289
racket-6.5,fib:40:5,7.816
racket-6.5,fibc:30:10,112.669
racket-6.5,fibfp:35.0:10,4.215
racket-6.5,sum:10000:200000,7.062
racket-6.5,sumfp:1000000.0:500,7.33
racket-6.5,fft:65536:100,5.644
racket-6.5,mbrot:75:1000,9.811
racket-6.5,mbrotZ:75:1000,38.249
racket-6.5,nucleic:50,2.763
racket-6.5,pi:50:500:50:2,0.446
racket-6.5,pnpoly:1000000,8.322
racket-6.5,ray:50,2.486
racket-6.5,simplex:1000000,4.032
racket-6.5,ack:3:12:2,7.663
racket-6.5,array1:1000000:500,9.571
racket-6.5,string:500000:25,1.079
racket-6.5,sum1:25,18.814
racket-6.5,cat:50,26.846
racket-6.5,tail:25,2.367
racket-6.5,wc:inputs/bib:50,11.403
racket-6.5,read1:2500,24.758
racket-6.5,compiler:2000,4.789
racket-6.5,conform:500,7.897
racket-6.5,dynamic:500,18.097
racket-6.5,earley:1,6.76
racket-6.5,graphs:7:3,7.633
racket-6.5,lattice:44:10,16.863
racket-6.5,matrix:5:5:2500,5.494
racket-6.5,maze:20:7:10000,3.418
racket-6.5,mazefun:11:11:10000,7.955
racket-6.5,nqueens:13:10,14.184
racket-6.5,paraffins:23:10,14.508
racket-6.5,parsing:2500,8.725
racket-6.5,peval:2000,5.623
racket-6.5,primes:1000:10000,3.938
racket-6.5,quicksort:10000:2500,23.573
racket-6.5,scheme:100000,8.471
racket-6.5,slatex:500,7.555
racket-6.5,nboyer:5:1,7.572
racket-6.5,sboyer:5:1,3.833
racket-6.5,gcbench:20:1,4.29
racket-6.5,perm20:10:2:1,23.728
racket-6.5,equal:100:100:8:1000:2000:5000,6.899
racket-6.5,bv2string:1000:1000:100,3.664
rhizome-unknown,browse:2000,66.169568
rhizome-unknown,deriv:10000000,34.05182499999999
rhizome-unknown,diviter:1000:1000000,50.112533
rhizome-unknown,divrec:1000:1000000,59.76276
rhizome-unknown,puzzle:1000,143.349103
rhizome-unknown,triangl:22:1:50,88.002262
rhizome-unknown,tak:40:20:11:1,112.374438
rhizome-unknown,ntakl:40:20:12:1,224.328844
rhizome-unknown,cpstak:40:20:11:1,111.20692
rhizome-unknown,ctak:32:16:8:1,12.556445
rhizome-unknown,fib:40:5,299.601649
rhizome-unknown,fibc:30:10,18.750902
rhizome-unknown,fibfp:35.:10,77.738226
rhizome-unknown,sum:10000:200000,445.858343
rhizome-unknown,sumfp:1000000.:500,124.92694
rhizome-unknown,ack:3:12:2,276.929385
rhizome-unknown,array1:1000000:500,133.360041
rhizome-unknown,string:500000:25,0.271894
rhizome-unknown,lattice:44:10,245.231178
rhizome-unknown,mazefun:11:11:10000,98.01484500000001
rhizome-unknown,paraffins:23:10,99.387242
rhizome-unknown,peval:2000,91.03384699999999
rhizome-unknown,primes:1000:10000,33.330652
rhizome-unknown,slatex:500,0.004742
rhizome-unknown,nboyer:5:1,120.006503
rhizome-unknown,sboyer:5:1,51.63299
rscheme-unknown,deriv:10000000,73.2507
rscheme-unknown,destruc:600:50:4000,60.0182
rscheme-unknown,puzzle:1000,59.3215
rscheme-unknown,triangl:22:1:50,38.0579
rscheme-unknown,tak:40:20:11:1,45.838
rscheme-unknown,takl:40:20:12:1,109.989
rscheme-unknown,ntakl:40:20:12:1,75.239
rscheme-unknown,cpstak:40:20:11:1,249.523
rscheme-unknown,ctak:32:16:8:1,76.8954
rscheme-unknown,fib:40:5,84.6148
rscheme-unknown,fibc:30:10,52.9852
rscheme-unknown,fibfp:35.:10,38.6303
rscheme-unknown,sum:10000:200000,59.9878
rscheme-unknown,sumfp:1e+06:500,48.1149
rscheme-unknown,mbrot:75:1000,77.7431
rscheme-unknown,pnpoly:1000000,83.8046
rscheme-unknown,simplex:1000000,116.315
rscheme-unknown,array1:1000000:500,41.8672
rscheme-unknown,string:500000:25,0.202994
rscheme-unknown,sum1:25,14.1913
rscheme-unknown,wc:inputs/bib:50,64.7994
rscheme-unknown,read1:2500,9.68797
rscheme-unknown,conform:500,115.295
rscheme-unknown,dynamic:500,73.4212
rscheme-unknown,earley:1,38.8745
rscheme-unknown,graphs:7:3,173.254
rscheme-unknown,lattice:44:10,155.723
rscheme-unknown,matrix:5:5:2500,94.9388
rscheme-unknown,mazefun:11:11:10000,71.8332
rscheme-unknown,nqueens:13:10,122.807
rscheme-unknown,paraffins:23:10,13.8017
rscheme-unknown,parsing:2500,68.3397
rscheme-unknown,primes:1000:10000,26.4532
rscheme-unknown,nboyer:5:1,17.2493
rscheme-unknown,sboyer:5:1,25.5155
rscheme-unknown,perm20:10:2:1,100.048
s9fes-unknown,browse:2000,431.88
s9fes-unknown,ctak:32:16:8:1,169.23
s9fes-unknown,fibc:30:10,290.64
s9fes-unknown,string:500000:25,0.6
s9fes-unknown,sum1:25,13.84
s9fes-unknown,cat:50,456.99
s9fes-unknown,read1:2500,59.27
s9fes-unknown,slatex:500,139.92
sagittarius-0.7.2,browse:2000,27.437883904
sagittarius-0.7.2,deriv:10000000,47.832134912
sagittarius-0.7.2,destruc:600:50:4000,36.025570816
sagittarius-0.7.2,diviter:1000:1000000,40.799744
sagittarius-0.7.2,divrec:1000:1000000,40.912214016
sagittarius-0.7.2,puzzle:1000,43.67954304
sagittarius-0.7.2,triangl:22:1:50,29.133114112
sagittarius-0.7.2,tak:40:20:11:1,30.366362112
sagittarius-0.7.2,takl:40:20:12:1,81.435572992
sagittarius-0.7.2,ntakl:40:20:12:1,70.552011776
sagittarius-0.7.2,cpstak:40:20:11:1,132.018999808
sagittarius-0.7.2,ctak:32:16:8:1,36.317347072
sagittarius-0.7.2,fib:40:5,68.39163392
sagittarius-0.7.2,fibc:30:10,28.360056064
sagittarius-0.7.2,fibfp:35.0:10,12.250435072
sagittarius-0.7.2,sum:10000:200000,67.254546176
sagittarius-0.7.2,sumfp:1000000.0:500,20.378196992
sagittarius-0.7.2,fft:65536:100,9.185880064
sagittarius-0.7.2,mbrot:75:1000,88.334971904
sagittarius-0.7.2,mbrotZ:75:1000,152.479006976
sagittarius-0.7.2,nucleic:50,36.747730944
sagittarius-0.7.2,pi:50:500:50:2,1.579876096
sagittarius-0.7.2,pnpoly:1000000,33.28876416
sagittarius-0.7.2,ray:50,35.56752512
sagittarius-0.7.2,simplex:1000000,49.327746816
sagittarius-0.7.2,ack:3:12:2,142.149218048
sagittarius-0.7.2,array1:1000000:500,44.972108032
sagittarius-0.7.2,string:500000:25,1.099325952
sagittarius-0.7.2,sum1:25,10.108359168
sagittarius-0.7.2,cat:50,183.367238912
sagittarius-0.7.2,tail:25,14.753630208
sagittarius-0.7.2,wc:inputs/bib:50,84.431597056
sagittarius-0.7.2,read1:2500,14.486434048
sagittarius-0.7.2,compiler:2000,28.863918848
sagittarius-0.7.2,conform:500,48.686366208
sagittarius-0.7.2,dynamic:500,36.59620096
sagittarius-0.7.2,earley:1,13.263329024
sagittarius-0.7.2,graphs:7:3,72.934800896
sagittarius-0.7.2,lattice:44:10,76.660935936
sagittarius-0.7.2,matrix:5:5:2500,40.500476928
sagittarius-0.7.2,maze:20:7:10000,36.219191296
sagittarius-0.7.2,mazefun:11:11:10000,39.999183104
sagittarius-0.7.2,nqueens:13:10,79.774265088
sagittarius-0.7.2,paraffins:23:10,13.244550144
sagittarius-0.7.2,parsing:2500,42.09367808
sagittarius-0.7.2,peval:2000,37.980503808
sagittarius-0.7.2,primes:1000:10000,20.553595136
sagittarius-0.7.2,quicksort:10000:2500,42.354196736
sagittarius-0.7.2,scheme:100000,38.234113024
sagittarius-0.7.2,slatex:500,22.817992704
sagittarius-0.7.2,nboyer:5:1,18.194496256
sagittarius-0.7.2,sboyer:5:1,14.243796992
sagittarius-0.7.2,gcbench:20:1,236.824258816
sagittarius-0.7.2,perm20:10:2:1,41.209789952
sagittarius-0.7.2,equal:100:100:8:1000:2000:5000,18.129863936
sagittarius-0.7.2,bv2string:1000:1000:100,23.297414144
scheme48-unknown,browse:2000,36.178189
scheme48-unknown,deriv:10000000,31.500284
scheme48-unknown,destruc:600:50:4000,65.629974
scheme48-unknown,diviter:1000:1000000,27.212558
scheme48-unknown,divrec:1000:1000000,30.048834
scheme48-unknown,puzzle:1000,58.692455
scheme48-unknown,triangl:22:1:50,42.547969
scheme48-unknown,tak:40:20:11:1,40.809437
scheme48-unknown,takl:40:20:12:1,122.153864
scheme48-unknown,ntakl:40:20:12:1,108.29143
scheme48-unknown,cpstak:40:20:11:1,97.240368
scheme48-unknown,ctak:32:16:8:1,32.158211
scheme48-unknown,fib:40:5,77.15852
scheme48-unknown,fibc:30:10,23.845179
scheme48-unknown,fibfp:35.0:10,18.882927
scheme48-unknown,sum:10000:200000,86.709109
scheme48-unknown,sumfp:1000000.0:500,30.645949
scheme48-unknown,mbrot:75:1000,39.719321
scheme48-unknown,nucleic:50,40.361395
scheme48-unknown,pi:50:500:50:2,0.72261
scheme48-unknown,pnpoly:1000000,48.653225
scheme48-unknown,simplex:1000000,295.241451
scheme48-unknown,string:500000:25,48.37319
scheme48-unknown,sum1:25,26.103081
scheme48-unknown,wc:inputs/bib:50,20.704193
scheme48-unknown,read1:2500,18.466346
scheme48-unknown,compiler:2000,38.040942
scheme48-unknown,conform:500,81.074802
scheme48-unknown,dynamic:500,61.046919
scheme48-unknown,graphs:7:3,72.909984
scheme48-unknown,lattice:44:10,240.942771
scheme48-unknown,matrix:5:5:2500,37.110567
scheme48-unknown,maze:20:7:10000,30.097392
scheme48-unknown,mazefun:11:11:10000,51.556147
scheme48-unknown,nqueens:13:10,107.165808
scheme48-unknown,parsing:2500,121.412913
scheme48-unknown,peval:2000,47.915209
scheme48-unknown,primes:1000:10000,16.900178
scheme48-unknown,quicksort:10000:2500,46.352393
scheme48-unknown,scheme:100000,55.798213
vicare-0.4d0,browse:2000,19.405131
vicare-0.4d0,deriv:10000000,3.01647
vicare-0.4d0,destruc:600:50:4000,63.010656
vicare-0.4d0,diviter:1000:1000000,45.640951
vicare-0.4d0,divrec:1000:1000000,4.063059
vicare-0.4d0,puzzle:1000,82.12169
vicare-0.4d0,triangl:22:1:50,37.401493
vicare-0.4d0,tak:40:20:11:1,4.644109
vicare-0.4d0,takl:40:20:12:1,24.393633
vicare-0.4d0,ntakl:40:20:12:1,8.655219
vicare-0.4d0,cpstak:40:20:11:1,7.631815
vicare-0.4d0,ctak:32:16:8:1,4.503364
vicare-0.4d0,fib:40:5,7.58165
vicare-0.4d0,fibc:30:10,3.491499
vicare-0.4d0,fibfp:35.0:10,9.151146
vicare-0.4d0,sum:10000:200000,7.463477
vicare-0.4d0,sumfp:1e6:500,17.443968
vicare-0.4d0,mbrot:75:1000,23.57689
vicare-0.4d0,mbrotZ:75:1000,30.495061
vicare-0.4d0,nucleic:50,9.214755
vicare-0.4d0,pnpoly:1000000,22.564425
vicare-0.4d0,ray:50,12.619453
vicare-0.4d0,simplex:1000000,35.591936
vicare-0.4d0,ack:3:12:2,5.809386
vicare-0.4d0,array1:1000000:500,108.486004
vicare-0.4d0,string:500000:25,3.886401
vicare-0.4d0,sum1:25,19.24567
vicare-0.4d0,cat:50,16.513531999999998
vicare-0.4d0,wc:inputs/bib:50,13.205248
vicare-0.4d0,read1:2500,39.237525000000005
vicare-0.4d0,conform:500,9.699762
vicare-0.4d0,dynamic:500,27.840566
vicare-0.4d0,earley:1,8.956347
vicare-0.4d0,graphs:7:3,32.931698
vicare-0.4d0,lattice:44:10,22.74988
vicare-0.4d0,mazefun:11:11:10000,4.826967
vicare-0.4d0,nqueens:13:10,12.022526
vicare-0.4d0,peval:2000,9.4637
vicare-0.4d0,primes:1000:10000,10.959424
vicare-0.4d0,perm20:10:2:1,45.811454
vicare-0.4d0,equal:100:100:8:1000:2000:5000,2.128953
vicare-0.4d0,bv2string:1000:1000:100,18.576932
ypsilon-unknown,browse:2000,26.99889
ypsilon-unknown,deriv:10000000,28.99262
ypsilon-unknown,destruc:600:50:4000,28.00539
ypsilon-unknown,diviter:1000:1000000,22.99384
ypsilon-unknown,divrec:1000:1000000,73.99712
ypsilon-unknown,puzzle:1000,46.00412
ypsilon-unknown,triangl:22:1:50,27.99596
ypsilon-unknown,tak:40:20:11:1,29.00088
ypsilon-unknown,takl:40:20:12:1,60.00019
ypsilon-unknown,ntakl:40:20:12:1,57.99928
ypsilon-unknown,cpstak:40:20:11:1,72.9937
ypsilon-unknown,ctak:32:16:8:1,8.00542
ypsilon-unknown,fib:40:5,58.99994
ypsilon-unknown,fibc:30:10,15.99424
ypsilon-unknown,fibfp:35.0:10,27.99683
ypsilon-unknown,sum:10000:200000,55.00864
ypsilon-unknown,sumfp:1000000.0:500,42.00025
ypsilon-unknown,mbrot:75:1000,51.00172
ypsilon-unknown,mbrotZ:75:1000,95.00087
ypsilon-unknown,nucleic:50,32.99742
ypsilon-unknown,pnpoly:1000000,39.99484
ypsilon-unknown,ray:50,29.99977
ypsilon-unknown,simplex:1000000,69.00017
ypsilon-unknown,ack:3:12:2,134.00049
ypsilon-unknown,array1:1000000:500,55.99934
ypsilon-unknown,string:500000:25,2.99447
ypsilon-unknown,sum1:25,2.0055
ypsilon-unknown,cat:50,30.99435
ypsilon-unknown,wc:inputs/bib:50,26.00082
ypsilon-unknown,read1:2500,2.995
ypsilon-unknown,conform:500,45.99497
ypsilon-unknown,dynamic:500,18.00423
ypsilon-unknown,graphs:7:3,88.99885
ypsilon-unknown,lattice:44:10,70.99982
ypsilon-unknown,mazefun:11:11:10000,34.99809
ypsilon-unknown,nqueens:13:10,95.00352
ypsilon-unknown,parsing:2500,29.99734
ypsilon-unknown,peval:2000,27.00138
ypsilon-unknown,primes:1000:10000,21.99992
ypsilon-unknown,quicksort:10000:2500,54.99523
ypsilon-unknown,scheme:100000,35.99864
ypsilon-unknown,slatex:500,7.99727
ypsilon-unknown,equal:100:100:8:1000:2000:5000,0.99745
ypsilon-unknown,bv2string:1000:1000:100,8.0004
